date,NO2_value
2019-01-01,9.74E-05
2019-01-02,6.30E-05
2019-01-03,5.83E-05
2019-01-04,7.19E-05
2019-01-05,5.92E-05
2019-01-05,6.62E-05
2019-01-06,5.01E-05
2019-01-07,5.32E-05
2019-01-08,4.12E-05
2019-01-09,4.32E-05
2019-01-10,6.69E-05
2019-01-10,7.50E-05
2019-01-11,6.70E-05
2019-01-12,6.16E-05
2019-01-13,1.41E-04
2019-01-14,8.11E-05
2019-01-15,5.39E-05
2019-01-16,5.68E-05
2019-01-16,6.32E-05
2019-01-17,5.66E-05
2019-01-18,7.68E-05
2019-01-19,7.90E-05
2019-01-20,7.32E-05
2019-01-21,6.04E-05
2019-01-21,5.49E-05
2019-01-22,6.24E-05
2019-01-23,6.73E-05
2019-01-24,1.14E-04
2019-01-25,6.62E-05
2019-01-26,9.71E-05
2019-01-26,1.10E-04
2019-01-27,5.55E-05
2019-01-28,6.00E-05
2019-01-29,7.17E-05
2019-01-30,8.18E-05
2019-01-31,6.70E-05
2019-02-01,5.17E-05
2019-02-01,5.40E-05
2019-02-02,7.51E-05
2019-02-03,7.82E-05
2019-02-04,6.72E-05
2019-02-05,6.07E-05
2019-02-06,3.35E-04
2019-02-07,8.75E-05
2019-02-08,7.49E-05
2019-02-09,7.53E-05
2019-02-10,5.48E-05
2019-02-11,8.22E-05
2019-02-11,7.81E-05
2019-02-12,5.41E-05
2019-02-13,7.35E-05
2019-02-14,6.35E-05
2019-02-15,9.01E-05
2019-02-16,7.20E-05
2019-02-17,6.26E-05
2019-02-17,6.49E-05
2019-02-18,6.37E-05
2019-02-19,7.58E-05
2019-02-20,7.15E-05
2019-02-21,1.32E-04
2019-02-22,6.57E-05
2019-02-22,7.56E-05
2019-02-23,7.13E-05
2019-02-24,7.81E-05
2019-02-25,6.63E-05
2019-02-26,2.35E-04
2019-02-27,6.67E-05
2019-02-27,7.64E-05
2019-02-28,5.69E-05
2019-03-01,7.56E-05
2019-03-02,6.38E-05
2019-03-03,5.76E-05
2019-03-04,6.91E-05
2019-03-05,8.31E-05
2019-03-05,1.07E-04
2019-03-06,6.79E-05
2019-03-07,6.63E-05
2019-03-08,1.38E-04
2019-03-09,1.08E-04
2019-03-10,7.17E-05
2019-03-10,6.59E-05
2019-03-11,6.14E-05
2019-03-12,6.69E-05
2019-03-13,6.36E-05
2019-03-14,8.67E-05
2019-03-15,6.29E-05
2019-03-15,6.58E-05
2019-03-16,6.49E-05
2019-03-17,8.27E-05
2019-03-18,1.63E-04
2019-03-19,7.59E-05
2019-03-20,6.96E-05
2019-03-21,7.85E-05
2019-03-21,7.15E-05
2019-03-22,8.43E-05
2019-03-23,7.70E-05
2019-03-24,7.04E-05
2019-03-25,7.78E-05
2019-03-26,8.57E-05
2019-03-26,1.03E-04
2019-03-27,8.38E-05
2019-03-28,8.09E-05
2019-03-29,7.07E-05
2019-03-30,1.23E-04
2019-03-31,8.46E-05
2019-03-31,8.61E-05
2019-04-01,7.50E-05
2019-04-02,9.85E-05
2019-04-03,8.94E-05
2019-04-04,7.96E-05
2019-04-05,7.38E-05
2019-04-06,7.90E-05
2019-04-06,6.74E-05
2019-04-07,7.21E-05
2019-04-08,7.72E-05
2019-04-09,7.14E-05
2019-04-10,8.98E-05
2019-04-11,7.06E-05
2019-04-11,7.71E-05
2019-04-12,1.26E-04
2019-04-13,7.87E-05
2019-04-14,7.93E-05
2019-04-15,5.26E-05
2019-04-16,7.35E-05
2019-04-16,9.14E-05
2019-04-17,8.61E-05
2019-04-18,8.93E-05
2019-04-19,8.88E-05
2019-04-20,7.03E-05
2019-04-21,8.19E-05
2019-04-22,8.42E-05
2019-04-22,8.41E-05
2019-04-23,1.19E-04
2019-04-24,1.14E-04
2019-04-25,1.26E-04
2019-04-26,1.05E-04
2019-04-27,8.47E-05
2019-04-27,9.08E-05
2019-04-28,1.27E-04
2019-04-29,7.90E-05
2019-04-30,9.67E-05
2019-05-01,9.40E-05
2019-05-02,7.86E-05
2019-05-02,8.57E-05
2019-05-03,9.54E-05
2019-05-04,1.70E-04
2019-05-05,8.48E-05
2019-05-06,8.44E-05
2019-05-07,8.83E-05
2019-05-08,8.43E-05
2019-05-08,8.77E-05
2019-05-09,1.14E-04
2019-05-10,9.97E-05
2019-05-11,7.71E-05
2019-05-12,7.78E-05
2019-05-13,8.91E-05
2019-05-13,8.64E-05
2019-05-14,1.08E-04
2019-05-15,1.02E-04
2019-05-16,1.61E-04
2019-05-17,1.07E-04
2019-05-18,7.91E-05
2019-05-18,9.10E-05
2019-05-19,1.13E-04
2019-05-20,1.28E-04
2019-05-21,1.59E-04
2019-05-22,1.07E-04
2019-05-23,7.52E-05
2019-05-23,7.96E-05
2019-05-24,5.49E-05
2019-05-24,8.17E-05
2019-05-25,1.46E-04
2019-05-26,1.91E-04
2019-05-27,1.29E-04
2019-05-28,1.13E-04
2019-05-29,9.49E-05
2019-05-29,8.96E-05
2019-05-30,1.30E-04
2019-05-31,9.46E-05
2019-06-01,1.11E-04
2019-06-02,8.84E-05
2019-06-03,7.86E-05
2019-06-03,7.46E-05
2019-06-04,6.74E-05
2019-06-05,5.83E-05
2019-06-06,7.94E-05
2019-06-07,1.45E-04
2019-06-08,1.05E-04
2019-06-08,1.02E-04
2019-06-09,7.36E-05
2019-06-09,1.03E-04
2019-06-10,8.80E-05
2019-06-11,1.04E-04
2019-06-12,1.03E-04
2019-06-13,9.74E-05
2019-06-14,1.25E-04
2019-06-14,1.13E-04
2019-06-15,9.49E-05
2019-06-16,9.16E-05
2019-06-17,6.14E-05
2019-06-18,9.22E-05
2019-06-19,8.62E-05
2019-06-19,8.62E-05
2019-06-20,8.09E-05
2019-06-21,1.06E-04
2019-06-22,1.09E-04
2019-06-23,1.64E-04
2019-06-24,1.40E-04
2019-06-24,1.32E-04
2019-06-25,1.33E-04
2019-06-25,1.48E-04
2019-06-26,1.93E-04
2019-06-27,1.67E-04
2019-06-28,1.24E-04
2019-06-29,1.17E-04
2019-07-01,8.34E-05
2019-07-02,1.24E-04
2019-07-03,1.41E-04
2019-07-04,1.29E-04
2019-07-05,1.51E-04
2019-07-05,1.21E-04
2019-07-06,1.20E-04
2019-07-07,1.27E-04
2019-07-08,1.25E-04
2019-07-09,1.29E-04
2019-07-10,1.05E-04
2019-07-10,1.01E-04
2019-07-11,1.19E-04
2019-07-11,9.38E-05
2019-07-12,8.91E-05
2019-07-13,9.56E-05
2019-07-14,9.51E-05
2019-07-16,9.47E-05
2019-07-16,9.74E-05
2019-07-17,8.58E-05
2019-07-18,9.46E-05
2019-07-19,1.18E-04
2019-07-20,1.38E-04
2019-07-21,1.28E-04
2019-07-21,1.26E-04
2019-07-22,8.53E-05
2019-07-23,1.47E-04
2019-07-24,1.19E-04
2019-07-25,1.71E-04
2019-07-26,1.15E-04
2019-07-26,1.01E-04
2019-07-27,9.41E-05
2019-07-27,1.06E-04
2019-07-28,1.23E-04
2019-07-29,1.30E-04
2019-07-30,1.10E-04
2019-07-31,8.62E-05
2019-08-01,7.82E-05
2019-08-01,7.77E-05
2019-08-02,1.09E-04
2019-08-03,1.04E-04
2019-08-04,9.42E-05
2019-08-05,9.04E-05
2019-08-06,9.31E-05
2019-08-06,7.79E-05
2019-08-07,1.32E-04
2019-08-08,1.20E-04
2019-08-09,2.36E-04
2019-08-10,2.00E-04
2019-08-11,1.09E-04
2019-08-11,1.18E-04
2019-08-12,7.61E-05
2019-08-12,9.36E-05
2019-08-13,8.74E-05
2019-08-14,1.45E-04
2019-08-15,9.20E-05
2019-08-16,9.54E-05
2019-08-17,8.18E-05
2019-08-17,7.26E-05
2019-08-18,6.93E-05
2019-08-19,9.31E-05
2019-08-20,1.24E-04
2019-08-21,9.72E-05
2019-08-22,1.33E-04
2019-08-22,1.08E-04
2019-08-23,8.13E-05
2019-08-24,1.19E-04
2019-08-25,1.73E-04
2019-08-26,1.60E-04
2019-08-27,1.53E-04
2019-08-27,1.19E-04
2019-08-28,9.34E-05
2019-08-28,1.00E-04
2019-08-29,1.44E-04
2019-08-30,1.37E-04
2019-08-31,8.23E-05
2019-09-01,1.07E-04
2019-09-02,9.48E-05
2019-09-02,9.20E-05
2019-09-03,8.17E-05
2019-09-04,1.28E-04
2019-09-05,1.07E-04
2019-09-06,1.01E-04
2019-09-07,7.94E-05
2019-09-07,7.28E-05
2019-09-08,1.15E-04
2019-09-09,8.58E-05
2019-09-10,1.78E-04
2019-09-11,1.05E-04
2019-09-12,8.51E-05
2019-09-12,1.06E-04
2019-09-13,7.31E-05
2019-09-13,7.94E-05
2019-09-14,8.44E-05
2019-09-15,7.98E-05
2019-09-16,1.31E-04
2019-09-17,1.05E-04
2019-09-18,8.93E-05
2019-09-18,1.19E-04
2019-09-19,1.75E-04
2019-09-20,1.06E-04
2019-09-21,7.29E-05
2019-09-22,6.76E-05
2019-09-23,8.45E-05
2019-09-23,9.93E-05
2019-09-24,1.52E-04
2019-09-25,7.39E-05
2019-09-26,8.03E-05
2019-09-27,7.19E-05
2019-09-28,8.90E-05
2019-09-28,8.14E-05
2019-09-29,7.74E-05
2019-09-29,1.03E-04
2019-09-30,1.41E-04
2019-10-01,1.90E-04
2019-10-02,9.92E-05
2019-10-03,7.97E-05
2019-10-04,1.00E-04
2019-10-04,8.92E-05
2019-10-05,7.57E-05
2019-10-06,5.87E-05
2019-10-07,8.86E-05
2019-10-08,6.48E-05
2019-10-09,9.75E-05
2019-10-09,1.01E-04
2019-10-10,1.61E-04
2019-10-11,8.95E-05
2019-10-12,6.46E-05
2019-10-13,6.33E-05
2019-10-14,5.14E-05
2019-10-14,5.90E-05
2019-10-15,8.86E-05
2019-10-15,7.45E-05
2019-10-16,6.93E-05
2019-10-17,1.11E-04
2019-10-18,1.31E-04
2019-10-19,1.19E-04
2019-10-20,7.65E-05
2019-10-20,7.42E-05
2019-10-21,1.09E-04
2019-10-22,1.26E-04
2019-10-23,8.53E-05
2019-10-24,1.27E-04
2019-10-25,7.21E-05
2019-10-25,8.49E-05
2019-10-26,6.35E-05
2019-10-27,8.81E-05
2019-10-28,6.10E-05
2019-10-29,6.44E-05
2019-10-30,7.37E-05
2019-10-30,7.32E-05
2019-10-31,7.00E-05
2019-10-31,7.53E-05
2019-11-01,9.59E-05
2019-11-02,6.49E-05
2019-11-03,7.86E-05
2019-11-04,8.73E-05
2019-11-05,7.33E-05
2019-11-05,6.60E-05
2019-11-06,7.19E-05
2019-11-07,7.03E-05
2019-11-08,7.75E-05
2019-11-09,6.06E-05
2019-11-10,6.43E-05
2019-11-10,6.61E-05
2019-11-11,4.61E-05
2019-11-12,6.93E-05
2019-11-13,6.22E-05
2019-11-14,1.02E-04
2019-11-15,3.29E-04
2019-11-16,7.14E-05
2019-11-16,7.60E-05
2019-11-17,6.43E-05
2019-11-18,7.00E-05
2019-11-19,8.28E-05
2019-11-20,9.45E-05
2019-11-21,1.34E-04
2019-11-21,9.92E-05
2019-11-22,8.72E-05
2019-11-23,9.62E-05
2019-11-24,7.16E-05
2019-11-25,6.32E-05
2019-11-26,1.33E-04
2019-11-26,8.27E-05
2019-11-27,5.16E-05
2019-11-28,1.01E-04
2019-11-29,6.34E-05
2019-11-30,6.42E-05
2019-12-01,4.28E-05
2019-12-02,6.76E-05
2019-12-02,6.86E-05
2019-12-03,6.92E-05
2019-12-04,6.13E-05
2019-12-05,6.48E-05
2019-12-06,7.04E-05
2019-12-07,6.77E-05
2019-12-07,9.80E-05
2019-12-08,6.63E-05
2019-12-09,8.28E-05
2019-12-10,6.10E-05
2019-12-11,1.03E-04
2019-12-12,1.09E-04
2019-12-13,7.30E-05
2019-12-14,5.71E-05
2019-12-15,1.54E-04
2019-12-16,6.27E-05
2019-12-17,7.56E-05
2019-12-18,9.31E-05
2019-12-18,9.95E-05
2019-12-19,8.61E-05
2019-12-20,7.32E-05
2019-12-21,6.00E-05
2019-12-22,8.61E-05
2019-12-23,7.81E-05
2019-12-23,6.40E-05
2019-12-24,4.84E-05
2019-12-25,5.67E-05
2019-12-26,6.40E-05
2019-12-27,6.25E-05
2019-12-28,6.86E-05
2019-12-28,5.83E-05
2019-12-29,4.93E-05
2019-12-30,6.28E-05
2020-01-01,4.83E-05
2020-01-02,5.22E-05
2020-01-03,5.46E-05
2020-01-03,5.65E-05
2020-01-04,6.41E-05
2020-01-05,9.63E-05
2020-01-06,6.35E-05
2020-01-07,5.34E-05
2020-01-08,7.64E-05
2020-01-08,1.25E-04
2020-01-09,6.05E-05
2020-01-10,6.56E-05
2020-01-11,8.58E-05
2020-01-12,4.15E-05
2020-01-13,4.74E-05
2020-01-13,6.20E-05
2020-01-14,7.01E-05
2020-01-15,6.75E-05
2020-01-16,4.44E-05
2020-01-17,9.94E-05
2020-01-18,5.07E-05
2020-01-19,4.97E-05
2020-01-19,4.78E-05
2020-01-20,4.27E-05
2020-01-21,6.12E-05
2020-01-22,6.59E-05
2020-01-23,4.85E-05
2020-01-24,5.62E-05
2020-01-24,6.45E-05
2020-01-25,9.56E-05
2020-01-26,4.94E-05
2020-01-27,6.35E-05
2020-01-28,5.05E-05
2020-01-29,6.23E-05
2020-01-29,8.30E-05
2020-01-30,5.44E-05
2020-01-31,5.45E-05
2020-02-01,6.06E-05
2020-02-02,6.87E-05
2020-02-03,6.50E-05
2020-02-04,4.70E-05
2020-02-04,4.75E-05
2020-02-05,5.87E-05
2020-02-06,9.47E-05
2020-02-07,5.26E-05
2020-02-08,6.08E-05
2020-02-09,5.14E-05
2020-02-09,5.33E-05
2020-02-10,5.90E-05
2020-02-11,7.87E-05
2020-02-12,8.53E-05
2020-02-13,5.14E-05
2020-02-15,6.31E-05
2020-02-16,5.93E-05
2020-02-17,6.18E-05
2020-02-18,5.15E-05
2020-02-19,5.75E-05
2020-02-20,6.26E-05
2020-02-20,5.48E-05
2020-02-21,5.25E-05
2020-02-22,1.22E-04
2020-02-23,4.65E-05
2020-02-24,6.87E-05
2020-02-25,6.75E-05
2020-02-25,5.71E-05
2020-02-26,8.41E-05
2020-02-27,6.73E-05
2020-02-28,7.11E-05
2020-02-29,5.48E-05
2020-03-01,6.55E-05
2020-03-01,6.05E-05
2020-03-02,6.94E-05
2020-03-03,6.03E-05
2020-03-04,6.60E-05
2020-03-06,2.98E-05
2020-03-07,9.50E-05
2020-03-07,7.26E-05
2020-03-08,9.35E-05
2020-03-09,6.33E-05
2020-03-10,6.46E-05
2020-03-11,5.55E-05
2020-03-12,6.15E-05
2020-03-13,8.76E-05
2020-03-14,5.54E-05
2020-03-15,5.01E-05
2020-03-16,1.01E-04
2020-03-17,5.79E-05
2020-03-17,6.32E-05
2020-03-18,5.74E-05
2020-03-19,6.56E-05
2020-03-20,8.07E-05
2020-03-21,7.40E-05
2020-03-22,7.56E-05
2020-03-23,6.45E-05
2020-03-23,5.88E-05
2020-03-24,6.95E-05
2020-03-25,1.17E-04
2020-03-26,6.62E-05
2020-03-27,6.22E-05
2020-03-28,5.80E-05
2020-03-28,6.16E-05
2020-03-29,5.88E-05
2020-03-30,6.59E-05
2020-03-31,6.54E-05
2020-04-01,7.16E-05
2020-04-02,5.79E-05
2020-04-02,6.01E-05
2020-04-03,6.61E-05
2020-04-04,7.02E-05
2020-04-05,7.69E-05
2020-04-06,7.01E-05
2020-04-07,6.88E-05
2020-04-08,6.13E-05
2020-04-08,6.28E-05
2020-04-09,6.01E-05
2020-04-10,6.42E-05
2020-04-11,1.07E-04
2020-04-12,1.17E-04
2020-04-13,6.60E-05
2020-04-13,7.16E-05
2020-04-14,7.00E-05
2020-04-15,5.24E-05
2020-04-16,7.60E-05
2020-04-17,7.44E-05
2020-04-18,9.56E-05
2020-04-18,9.24E-05
2020-04-19,9.11E-05
2020-04-20,1.26E-04
2020-04-21,7.14E-05
2020-04-22,1.04E-04
2020-04-23,7.43E-05
2020-04-24,5.54E-05
2020-04-24,6.50E-05
2020-04-25,6.04E-05
2020-04-26,8.88E-05
2020-04-27,9.77E-05
2020-04-28,9.53E-05
2020-04-29,9.41E-05
2020-04-29,9.77E-05
2020-04-30,8.00E-05
2020-05-01,6.53E-05
2020-05-02,6.41E-05
2020-05-03,5.96E-05
2020-05-04,6.29E-05
2020-05-04,6.65E-05
2020-05-05,5.98E-05
2020-05-06,7.32E-05
2020-05-07,6.64E-05
2020-05-08,4.96E-05
2020-05-09,7.41E-05
2020-05-10,8.30E-05
2020-05-10,9.21E-05
2020-05-11,1.10E-04
2020-05-12,1.13E-04
2020-05-13,1.07E-04
2020-05-14,7.52E-05
2020-05-15,7.25E-05
2020-05-15,7.22E-05
2020-05-16,7.19E-05
2020-05-17,8.22E-05
2020-05-18,7.76E-05
2020-05-19,7.78E-05
2020-05-20,7.15E-05
2020-05-20,8.58E-05
2020-05-21,8.79E-05
2020-05-22,8.46E-05
2020-05-23,9.45E-05
2020-05-24,7.46E-05
2020-05-25,6.98E-05
2020-05-26,7.19E-05
2020-05-26,7.96E-05
2020-05-27,9.19E-05
2020-05-28,9.30E-05
2020-05-29,7.89E-05
2020-05-30,7.34E-05
2020-05-31,8.80E-05
2020-05-31,8.55E-05
2020-06-01,9.94E-05
2020-06-02,1.02E-04
2020-06-03,9.46E-05
2020-06-04,7.12E-05
2020-06-05,8.76E-05
2020-06-05,8.06E-05
2020-06-06,8.62E-05
2020-06-07,1.11E-04
2020-06-08,1.19E-04
2020-06-09,1.20E-04
2020-06-10,9.14E-05
2020-06-11,8.19E-05
2020-06-11,8.12E-05
2020-06-12,9.35E-05
2020-06-13,8.17E-05
2020-06-14,8.91E-05
2020-06-15,9.79E-05
2020-06-16,9.93E-05
2020-06-16,9.46E-05
2020-06-17,1.07E-04
2020-06-18,8.77E-05
2020-06-19,1.16E-04
2020-06-20,1.13E-04
2020-06-21,6.90E-05
2020-06-21,7.82E-05
2020-06-22,7.09E-05
2020-06-23,7.76E-05
2020-06-24,9.59E-05
2020-06-25,1.22E-04
2020-06-26,1.25E-04
2020-06-27,7.77E-05
2020-06-27,9.43E-05
2020-06-28,1.28E-04
2020-06-29,1.36E-04
2020-07-01,1.26E-04
2020-07-02,8.66E-05
2020-07-02,9.63E-05
2020-07-03,1.29E-04
2020-07-04,1.46E-04
2020-07-05,1.11E-04
2020-07-06,1.39E-04
2020-07-07,9.85E-05
2020-07-07,9.23E-05
2020-07-08,7.96E-05
2020-07-09,1.39E-04
2020-07-10,1.88E-04
2020-07-11,1.16E-04
2020-07-12,9.63E-05
2020-07-12,7.67E-05
2020-07-13,1.07E-04
2020-07-13,1.08E-04
2020-07-14,8.47E-05
2020-07-15,1.05E-04
2020-07-16,1.19E-04
2020-07-17,7.90E-05
2020-07-18,8.21E-05
2020-07-18,7.90E-05
2020-07-19,9.48E-05
2020-07-20,1.19E-04
2020-07-21,1.59E-04
2020-07-22,9.43E-05
2020-07-23,8.02E-05
2020-07-23,8.57E-05
2020-07-24,1.16E-04
2020-07-25,1.25E-04
2020-07-26,1.12E-04
2020-07-27,1.45E-04
2020-07-28,8.63E-05
2020-07-28,9.59E-05
2020-07-29,9.89E-05
2020-07-29,1.02E-04
2020-07-30,1.72E-04
2020-07-31,1.43E-04
2020-08-01,9.78E-05
2020-08-02,9.89E-05
2020-08-03,9.36E-05
2020-08-03,1.13E-04
2020-08-04,1.11E-04
2020-08-05,1.78E-04
2020-08-06,1.39E-04
2020-08-07,1.28E-04
2020-08-08,7.25E-05
2020-08-08,7.83E-05
2020-08-09,7.62E-05
2020-08-10,9.47E-05
2020-08-11,1.06E-04
2020-08-12,1.35E-04
2020-08-13,7.42E-05
2020-08-13,9.64E-05
2020-08-14,8.64E-05
2020-08-14,9.88E-05
2020-08-15,1.31E-04
2020-08-16,1.64E-04
2020-08-18,1.10E-04
2020-08-19,1.07E-04
2020-08-19,8.31E-05
2020-08-20,8.18E-05
2020-08-21,1.01E-04
2020-08-22,8.33E-05
2020-08-23,9.46E-05
2020-08-24,8.31E-05
2020-08-24,8.35E-05
2020-08-25,1.41E-04
2020-08-27,1.17E-04
2020-08-28,1.06E-04
2020-08-29,9.85E-05
2020-08-29,8.48E-05
2020-08-30,1.06E-04
2020-08-30,1.17E-04
2020-08-31,1.60E-04
2020-09-01,9.77E-05
2020-09-02,9.58E-05
2020-09-03,9.45E-05
2020-09-04,1.11E-04
2020-09-04,9.44E-05
2020-09-05,9.95E-05
2020-09-06,1.09E-04
2020-09-07,1.53E-04
2020-09-08,9.02E-05
2020-09-09,7.71E-05
2020-09-09,9.55E-05
2020-09-10,6.87E-05
2020-09-11,7.85E-05
2020-09-12,7.66E-05
2020-09-13,8.59E-05
2020-09-14,1.11E-04
2020-09-15,1.11E-04
2020-09-15,1.24E-04
2020-09-16,1.03E-04
2020-09-17,1.01E-04
2020-09-18,1.27E-04
2020-09-19,8.72E-05
2020-09-20,7.37E-05
2020-09-20,7.69E-05
2020-09-21,8.17E-05
2020-09-22,1.39E-04
2020-09-23,1.08E-04
2020-09-24,1.31E-04
2020-09-25,8.57E-05
2020-09-25,6.61E-05
2020-09-26,9.51E-05
2020-09-27,1.70E-04
2020-09-28,8.09E-05
2020-09-29,1.45E-04
2020-09-30,1.14E-04
2020-09-30,8.61E-05
2020-10-01,7.17E-05
2020-10-01,9.66E-05
2020-10-02,8.50E-05
2020-10-03,7.90E-05
2020-10-04,8.45E-05
2020-10-05,1.37E-04
2020-10-06,8.68E-05
2020-10-06,1.09E-04
2020-10-07,8.29E-05
2020-10-08,9.56E-05
2020-10-09,8.54E-05
2020-10-10,1.07E-04
2020-10-11,5.83E-05
2020-10-11,7.39E-05
2020-10-12,1.04E-04
2020-10-13,7.31E-05
2020-10-14,9.58E-05
2020-10-15,7.21E-05
2020-10-16,8.61E-05
2020-10-16,6.99E-05
2020-10-17,8.67E-05
2020-10-17,9.15E-05
2020-10-18,9.03E-05
2020-10-19,1.32E-04
2020-10-20,1.11E-04
2020-10-21,5.75E-05
2020-10-22,6.49E-05
2020-10-22,5.37E-05
2020-10-23,6.77E-05
2020-10-24,7.15E-05
2020-10-25,1.06E-04
2020-10-26,7.33E-05
2020-10-27,7.70E-05
2020-10-27,6.94E-05
2020-10-28,8.96E-05
2020-10-29,1.40E-04
2020-10-30,8.74E-05
2020-10-31,6.59E-05
2020-11-01,5.81E-05
2020-11-01,5.66E-05
2020-11-02,8.16E-05
2020-11-02,6.15E-05
2020-11-03,7.08E-05
2020-11-04,5.75E-05
2020-11-05,6.68E-05
2020-11-06,7.64E-05
2020-11-07,7.35E-05
2020-11-07,6.27E-05
2020-11-08,5.79E-05
2020-11-09,8.62E-05
2020-11-10,9.79E-05
2020-11-11,8.95E-05
2020-11-12,7.26E-05
2020-11-12,7.89E-05
2020-11-13,9.99E-05
2020-11-14,6.44E-05
2020-11-15,6.80E-05
2020-11-16,9.15E-05
2020-11-17,7.39E-05
2020-11-18,6.30E-05
2020-11-18,9.58E-05
2020-11-19,7.67E-05
2020-11-20,8.80E-05
2020-11-21,6.07E-05
2020-11-22,6.80E-05
2020-11-23,7.05E-05
2020-11-23,6.48E-05
2020-11-24,6.75E-05
2020-11-25,9.39E-05
2020-11-26,8.08E-05
2020-11-27,2.07E-04
2020-11-28,8.29E-05
2020-11-28,8.27E-05
2020-11-29,1.08E-04
2020-11-30,1.01E-04
2020-12-01,9.77E-05
2020-12-02,8.80E-05
2020-12-03,7.83E-05
2020-12-04,1.49E-04
2020-12-04,1.50E-04
2020-12-05,1.40E-04
2020-12-06,7.32E-05
2020-12-07,7.08E-05
2020-12-08,7.83E-05
2020-12-09,7.40E-05
2020-12-09,7.37E-05
2020-12-10,7.31E-05
2020-12-11,8.01E-05
2020-12-12,8.63E-05
2020-12-13,6.08E-05
2020-12-14,8.20E-06
2020-12-14,4.24E-05
2020-12-15,5.12E-05
2020-12-16,5.73E-05
2020-12-17,6.46E-05
2020-12-18,1.07E-04
2020-12-19,1.06E-04
2020-12-20,6.74E-05
2020-12-20,7.18E-05
2020-12-21,7.02E-05
2020-12-22,6.77E-05
2020-12-23,5.68E-05
2020-12-24,6.97E-05
2020-12-25,9.26E-05
2020-12-25,1.14E-04
2020-12-26,6.69E-05
2020-12-27,6.06E-05
2020-12-28,8.22E-05
2020-12-29,6.83E-05
2020-12-30,6.68E-05
2020-12-30,6.38E-05
2021-01-01,5.93E-05
2021-01-02,6.26E-05
2021-01-03,6.93E-05
2021-01-04,4.90E-05
2021-01-05,5.91E-05
2021-01-05,7.72E-05
2021-01-06,7.06E-05
2021-01-07,6.54E-05
2021-01-08,7.75E-05
2021-01-09,7.44E-05
2021-01-10,8.99E-05
2021-01-10,8.82E-05
2021-01-11,1.32E-04
2021-01-12,8.82E-05
2021-01-13,1.04E-04
2021-01-14,5.09E-05
2021-01-15,5.85E-05
2021-01-15,5.66E-05
2021-01-16,6.21E-05
2021-01-17,4.76E-05
2021-01-18,5.54E-05
2021-01-19,6.10E-05
2021-01-20,6.87E-05
2021-01-21,6.94E-05
2021-01-21,7.05E-05
2021-01-22,7.98E-05
2021-01-23,7.65E-05
2021-01-24,6.11E-05
2021-01-26,6.27E-05
2021-01-27,1.08E-04
2021-01-28,4.69E-05
2021-01-29,4.86E-05
2021-01-30,5.29E-05
2021-01-31,5.83E-05
2021-01-31,5.67E-05
2021-02-01,5.91E-05
2021-02-02,6.31E-05
2021-02-03,7.41E-05
2021-02-04,6.90E-05
2021-02-05,7.31E-05
2021-02-06,9.73E-05
2021-02-06,8.31E-05
2021-02-07,9.66E-05
2021-02-08,6.17E-05
2021-02-09,9.20E-05
2021-02-10,6.07E-05
2021-02-11,9.14E-05
2021-02-11,8.18E-05
2021-02-12,7.98E-05
2021-02-13,6.93E-05
2021-02-14,7.14E-05
2021-02-15,6.83E-05
2021-02-16,4.84E-05
2021-02-16,6.63E-05
2021-02-17,7.25E-05
2021-02-18,7.07E-05
2021-02-19,7.19E-05
2021-02-20,8.20E-05
2021-02-21,6.42E-05
2021-02-22,5.17E-05
2021-02-22,5.51E-05
2021-02-23,7.19E-05
2021-02-24,6.58E-05
2021-02-25,7.01E-05
2021-02-26,8.07E-05
2021-02-27,9.54E-05
2021-02-27,7.56E-05
2021-02-28,1.14E-04
2021-03-01,6.79E-05
2021-03-02,6.01E-05
2021-03-03,8.46E-05
2021-03-04,7.58E-05
2021-03-04,7.32E-05
2021-03-05,8.06E-05
2021-03-06,1.32E-04
2021-03-07,5.30E-05
2021-03-08,7.50E-05
2021-03-09,6.46E-05
2021-03-10,5.74E-05
2021-03-10,6.76E-05
2021-03-11,5.32E-05
2021-03-12,6.28E-05
2021-03-13,7.99E-05
2021-03-14,5.19E-05
2021-03-15,5.79E-05
2021-03-15,6.80E-05
2021-03-16,6.14E-05
2021-03-17,6.19E-05
2021-03-18,5.63E-05
2021-03-19,7.32E-05
2021-03-20,6.61E-05
2021-03-20,6.05E-05
2021-03-21,6.75E-05
2021-03-22,9.22E-05
2021-03-23,8.03E-05
2021-03-24,7.13E-05
2021-03-25,7.18E-05
2021-03-26,5.95E-05
2021-03-26,7.18E-05
2021-03-27,6.22E-05
2021-03-28,6.33E-05
2021-03-29,7.79E-05
2021-03-30,8.57E-05
2021-03-31,6.73E-05
2021-03-31,7.62E-05
2021-04-01,5.74E-05
2021-04-02,7.18E-05
2021-04-03,7.34E-05
2021-04-04,8.07E-05
2021-04-05,2.64E-05
2021-04-05,4.33E-05
2021-04-06,7.25E-05
2021-04-07,9.91E-05
2021-04-08,1.10E-04
2021-04-09,6.71E-05
2021-04-10,6.91E-05
2021-04-11,7.18E-05
2021-04-11,7.35E-05
2021-04-12,6.26E-05
2021-04-13,7.61E-05
2021-04-14,1.04E-04
2021-04-15,1.15E-04
2021-04-16,7.14E-05
2021-04-16,7.42E-05
2021-04-17,7.81E-05
2021-04-18,8.44E-05
2021-04-19,7.74E-05
2021-04-20,7.19E-05
2021-04-21,8.59E-05
2021-04-21,8.70E-05
2021-04-22,1.11E-04
2021-04-23,7.93E-05
2021-04-24,8.40E-05
2021-04-25,8.51E-05
2021-04-26,9.18E-05
2021-04-27,1.04E-04
2021-04-27,8.02E-05
2021-04-28,8.58E-05
2021-04-29,1.50E-04
2021-04-30,1.01E-04
2021-05-01,9.27E-05
2021-05-02,8.50E-05
2021-05-02,9.73E-05
2021-05-03,1.07E-04
2021-05-04,7.34E-05
2021-05-05,1.54E-04
2021-05-06,9.85E-05
2021-05-07,7.01E-05
2021-05-07,1.02E-04
2021-05-08,8.60E-05
2021-05-09,1.51E-04
2021-05-10,7.74E-05
2021-05-11,9.39E-05
2021-05-12,8.66E-05
2021-05-13,7.68E-05
2021-05-13,9.87E-05
2021-05-14,1.35E-04
2021-05-15,1.27E-04
2021-05-16,7.04E-05
2021-05-17,8.59E-05
2021-05-18,7.51E-05
2021-05-18,9.71E-05
2021-05-19,1.15E-04
2021-05-20,1.67E-04
2021-05-21,1.41E-04
2021-05-22,1.01E-04
2021-05-23,7.75E-05
2021-05-23,8.58E-05
2021-05-24,1.28E-04
2021-05-25,1.37E-04
2021-05-26,1.17E-04
2021-05-27,9.28E-05
2021-05-28,6.71E-05
2021-05-28,8.23E-05
2021-05-29,8.58E-05
2021-05-29,8.87E-05
2021-05-30,9.42E-05
2021-05-31,1.02E-04
2021-06-01,8.95E-05
2021-06-02,8.78E-05
2021-06-03,6.80E-05
2021-06-03,8.57E-05
2021-06-04,1.27E-04
2021-06-05,1.59E-04
2021-06-06,1.23E-04
2021-06-07,1.43E-04
2021-06-08,1.05E-04
2021-06-08,1.12E-04
2021-06-09,1.00E-04
2021-06-10,9.15E-05
2021-06-11,1.03E-04
2021-06-12,9.93E-05
2021-06-13,1.40E-04
2021-06-13,9.34E-05
2021-06-14,8.60E-05
2021-06-14,8.74E-05
2021-06-15,7.53E-05
2021-06-16,7.68E-05
2021-06-17,1.20E-04
2021-06-18,1.29E-04
2021-06-19,1.03E-04
2021-06-19,8.94E-05
2021-06-20,1.08E-04
2021-06-21,8.59E-05
2021-06-22,1.11E-04
2021-06-23,1.32E-04
2021-06-24,1.04E-04
2021-06-24,9.03E-05
2021-06-25,1.54E-04
2021-06-26,1.11E-04
2021-06-27,1.06E-04
2021-06-28,1.27E-04
2021-06-29,9.24E-05
2021-06-29,9.36E-05
2021-07-01,1.09E-04
2021-07-02,9.67E-05
2021-07-03,1.18E-04
2021-07-04,1.00E-04
2021-07-05,8.23E-05
2021-07-05,8.75E-05
2021-07-06,9.68E-05
2021-07-07,1.15E-04
2021-07-08,1.98E-04
2021-07-09,1.47E-04
2021-07-10,8.59E-05
2021-07-10,9.86E-05
2021-07-11,1.41E-04
2021-07-12,1.34E-04
2021-07-13,1.37E-04
2021-07-14,1.47E-04
2021-07-15,1.03E-04
2021-07-15,1.17E-04
2021-07-16,8.47E-05
2021-07-16,8.99E-05
2021-07-17,1.30E-04
2021-07-18,1.11E-04
2021-07-19,1.31E-04
2021-07-20,9.18E-05
2021-07-21,8.41E-05
2021-07-21,8.97E-05
2021-07-22,1.00E-04
2021-07-23,1.02E-04
2021-07-24,1.07E-04
2021-07-25,1.06E-04
2021-07-26,1.32E-04
2021-07-26,1.18E-04
2021-07-27,1.00E-04
2021-07-28,1.37E-04
2021-07-29,1.58E-04
2021-07-30,1.24E-04
2021-07-31,9.30E-05
2021-07-31,9.36E-05
2021-08-01,8.39E-05
2021-08-01,1.01E-04
2021-08-02,1.05E-04
2021-08-03,1.13E-04
2021-08-04,1.58E-04
2021-08-05,1.12E-04
2021-08-06,9.68E-05
2021-08-06,9.06E-05
2021-08-07,8.16E-05
2021-08-08,8.48E-05
2021-08-09,1.02E-04
2021-08-10,8.46E-05
2021-08-11,8.61E-05
2021-08-11,1.10E-04
2021-08-12,1.01E-04
2021-08-13,8.63E-05
2021-08-14,9.56E-05
2021-08-15,8.38E-05
2021-08-16,1.00E-04
2021-08-16,1.24E-04
2021-08-17,1.44E-04
2021-08-17,1.36E-04
2021-08-18,1.38E-04
2021-08-19,1.36E-04
2021-08-20,1.21E-04
2021-08-21,1.13E-04
2021-08-22,8.82E-05
2021-08-22,9.93E-05
2021-08-23,1.13E-04
2021-08-24,1.40E-04
2021-08-25,1.26E-04
2021-08-26,1.37E-04
2021-08-27,9.47E-05
2021-08-27,8.98E-05
2021-08-28,9.12E-05
2021-08-29,9.69E-05
2021-08-30,1.24E-04
2021-08-31,8.50E-05
2021-09-01,8.72E-05
2021-09-01,8.42E-05
2021-09-02,8.81E-05
2021-09-02,9.98E-05
2021-09-03,8.65E-05
2021-09-04,1.05E-04
2021-09-05,1.49E-04
2021-09-06,8.96E-05
2021-09-07,7.70E-05
2021-09-07,9.16E-05
2021-09-08,9.51E-05
2021-09-09,1.14E-04
2021-09-10,1.06E-04
2021-09-11,1.13E-04
2021-09-12,1.04E-04
2021-09-12,8.85E-05
2021-09-13,1.16E-04
2021-09-14,9.90E-05
2021-09-15,7.44E-05
2021-09-16,7.68E-05
2021-09-17,7.90E-05
2021-09-17,7.72E-05
2021-09-18,8.04E-05
2021-09-18,1.11E-04
2021-09-19,1.03E-04
2021-09-20,1.80E-04
2021-09-21,1.17E-04
2021-09-22,1.20E-04
2021-09-23,9.78E-05
2021-09-23,8.12E-05
2021-09-24,7.43E-05
2021-09-25,9.57E-05
2021-09-26,8.63E-05
2021-09-27,1.59E-04
2021-09-28,1.10E-04
2021-09-28,1.04E-04
2021-09-29,9.76E-05
2021-09-30,9.44E-05
2021-10-01,7.40E-05
2021-10-02,9.35E-05
2021-10-03,8.36E-05
2021-10-03,9.38E-05
2021-10-04,8.21E-05
2021-10-04,9.78E-05
2021-10-05,6.94E-05
2021-10-06,7.38E-05
2021-10-07,8.83E-05
2021-10-08,7.86E-05
2021-10-09,9.56E-05
2021-10-09,8.50E-05
2021-10-10,1.39E-04
2021-10-11,1.38E-04
2021-10-12,9.77E-05
2021-10-13,7.18E-05
2021-10-14,8.05E-05
2021-10-14,7.75E-05
2021-10-15,1.46E-04
2021-10-16,1.01E-04
2021-10-17,6.31E-05
2021-10-18,7.84E-05
2021-10-19,6.55E-05
2021-10-19,7.49E-05
2021-10-20,6.31E-05
2021-10-20,6.56E-05
2021-10-21,7.62E-05
2021-10-22,7.22E-05
2021-10-23,8.15E-05
2021-10-24,9.61E-05
2021-10-25,7.71E-05
2021-10-25,6.77E-05
2021-10-26,6.93E-05
2021-10-27,1.61E-04
2021-10-28,8.05E-05
2021-10-29,8.12E-05
2021-10-30,7.62E-05
2021-10-30,6.18E-05
2021-10-31,1.11E-04
2021-11-01,7.66E-05
2021-11-02,8.32E-05
2021-11-03,5.84E-05
2021-11-04,9.12E-05
2021-11-04,6.55E-05
2021-11-05,9.25E-05
2021-11-05,9.30E-05
2021-11-06,7.74E-05
2021-11-07,7.92E-05
2021-11-08,1.23E-04
2021-11-09,1.10E-04
2021-11-10,7.71E-05
2021-11-10,7.64E-05
2021-11-11,7.35E-05
2021-11-12,7.24E-05
2021-11-13,7.80E-05
2021-11-14,7.93E-05
2021-11-15,8.82E-05
2021-11-15,8.61E-05
2021-11-16,7.39E-05
2021-11-17,1.01E-04
2021-11-18,8.93E-05
2021-11-19,5.67E-05
2021-11-20,7.82E-05
2021-11-20,9.45E-05
2021-11-21,8.93E-05
2021-11-21,7.39E-05
2021-11-22,1.08E-04
2021-11-23,1.02E-04
2021-11-24,1.01E-04
2021-11-25,1.06E-04
2021-11-26,1.01E-04
2021-11-26,8.72E-05
2021-11-27,4.12E-05
2021-11-28,1.33E-04
2021-11-29,7.68E-05
2021-11-30,1.12E-04
2021-12-01,4.01E-05
2021-12-01,4.47E-05
2021-12-02,1.28E-04
2021-12-03,9.54E-05
2021-12-04,8.51E-05
2021-12-05,1.27E-04
2021-12-06,6.96E-05
2021-12-06,7.30E-05
2021-12-07,9.77E-05
2021-12-07,9.25E-05
2021-12-08,5.95E-05
2021-12-09,6.12E-05
2021-12-10,8.44E-05
2021-12-11,6.68E-05
2021-12-12,6.83E-05
2021-12-12,3.78E-05
2021-12-14,8.10E-05
2021-12-15,5.01E-05
2021-12-16,6.29E-05
2021-12-17,7.56E-05
2021-12-17,5.11E-05
2021-12-18,5.35E-05
2021-12-19,6.08E-05
2021-12-20,6.51E-05
2021-12-21,5.62E-05
2021-12-22,5.42E-05
2021-12-22,6.61E-05
2021-12-23,6.28E-05
2021-12-23,7.21E-05
2021-12-24,7.16E-05
2021-12-25,7.96E-05
2021-12-26,6.05E-05
2021-12-27,7.89E-05
2021-12-28,6.88E-05
2021-12-29,6.79E-05
2021-12-30,9.77E-05
2022-01-01,8.10E-05
2022-01-02,5.90E-05
2022-01-02,5.79E-05
2022-01-03,9.11E-05
2022-01-04,6.32E-05
2022-01-05,6.21E-05
2022-01-06,5.57E-05
2022-01-07,7.19E-05
2022-01-08,8.03E-05
2022-01-08,8.84E-05
2022-01-09,9.68E-05
2022-01-11,6.49E-05
2022-01-13,5.67E-05
2022-01-13,5.69E-05
2022-01-14,6.15E-05
2022-01-15,4.50E-05
2022-01-16,3.99E-05
2022-01-17,5.15E-05
2022-01-18,4.14E-05
2022-01-18,4.03E-05
2022-01-19,4.54E-05
2022-01-20,5.13E-05
2022-01-21,4.78E-05
2022-01-22,6.02E-05
2022-01-23,5.99E-05
2022-01-24,5.23E-05
2022-01-24,5.61E-05
2022-01-25,8.04E-05
2022-01-26,4.30E-05
2022-01-27,6.64E-05
2022-01-28,9.12E-05
2022-01-29,4.37E-05
2022-01-29,7.17E-05
2022-01-30,7.08E-05
2022-01-31,8.22E-05
2022-02-01,6.63E-05
2022-02-02,1.16E-04
2022-02-03,7.64E-05
2022-02-03,7.90E-05
2022-02-04,6.52E-05
2022-02-05,8.98E-05
2022-02-06,6.15E-05
2022-02-07,8.86E-05
2022-02-08,5.71E-05
2022-02-09,5.45E-05
2022-02-09,5.66E-05
2022-02-10,7.50E-05
2022-02-11,6.47E-05
2022-02-12,1.78E-04
2022-02-13,6.86E-05
2022-02-14,5.18E-05
2022-02-14,5.77E-05
2022-02-15,1.02E-04
2022-02-16,6.20E-05
2022-02-17,3.86E-05
2022-02-18,6.24E-05
2022-02-19,6.84E-05
2022-02-19,7.12E-05
2022-02-22,6.00E-05
2022-02-23,5.45E-05
2022-02-24,7.87E-05
2022-02-25,5.75E-05
2022-02-25,7.00E-05
2022-02-26,7.34E-05
2022-02-27,5.85E-05
2022-02-28,6.64E-05
2022-03-01,5.31E-05
2022-03-02,5.22E-05
2022-03-02,4.63E-05
2022-03-03,6.11E-05
2022-03-04,8.37E-05
2022-03-05,8.90E-05
2022-03-06,6.53E-05
2022-03-07,6.51E-05
2022-03-07,5.26E-05
2022-03-08,5.93E-05
2022-03-09,5.35E-05
2022-03-10,5.80E-05
2022-03-11,7.46E-05
2022-03-12,7.76E-05
2022-03-13,5.28E-05
2022-03-13,6.90E-05
2022-03-14,6.73E-05
2022-03-15,5.88E-05
2022-03-16,6.22E-05
2022-03-17,5.12E-05
2022-03-18,5.88E-05
2022-03-18,7.46E-05
2022-03-19,5.81E-05
2022-03-20,6.21E-05
2022-03-21,7.55E-05
2022-03-22,7.99E-05
2022-03-23,6.75E-05
2022-03-23,6.72E-05
2022-03-24,7.25E-05
2022-03-25,7.24E-05
2022-03-26,7.27E-05
2022-03-27,7.49E-05
2022-03-28,8.16E-05
2022-03-29,7.32E-05
2022-03-29,4.10E-05
2022-03-30,7.90E-05
2022-03-31,7.66E-05
2022-04-01,8.47E-05
2022-04-02,6.81E-05
2022-04-03,5.65E-05
2022-04-03,4.87E-05
2022-04-04,8.31E-05
2022-04-05,6.54E-05
2022-04-06,7.90E-05
2022-04-07,8.84E-05
2022-04-08,5.67E-05
2022-04-08,7.19E-05
2022-04-09,9.14E-05
2022-04-10,9.63E-05
2022-04-11,7.90E-05
2022-04-12,7.24E-05
2022-04-13,7.55E-05
2022-04-14,7.20E-05
2022-04-14,7.89E-05
2022-04-15,7.12E-05
2022-04-16,1.22E-04
2022-04-17,6.63E-05
2022-04-18,1.09E-04
2022-04-19,8.50E-05
2022-04-19,7.02E-05
2022-04-20,8.48E-05
2022-04-21,9.42E-05
2022-04-22,8.24E-05
2022-04-23,8.28E-05
2022-04-24,7.83E-05
2022-04-24,8.30E-05
2022-04-25,7.66E-05
2022-04-26,7.16E-05
2022-04-27,7.87E-05
2022-04-28,8.15E-05
2022-04-29,6.85E-05
2022-04-30,7.79E-05
2022-04-30,8.46E-05
2022-05-02,5.54E-05
2022-05-03,6.83E-05
2022-05-04,7.10E-05
2022-05-05,7.92E-05
2022-05-05,8.45E-05
2022-05-06,8.80E-05
2022-05-07,7.58E-05
2022-05-08,7.73E-05
2022-05-09,5.78E-05
2022-05-10,9.11E-05
2022-05-10,8.31E-05
2022-05-11,6.93E-05
2022-05-12,8.37E-05
2022-05-13,8.51E-05
2022-05-14,5.93E-05
2022-05-15,7.14E-05
2022-05-15,8.80E-05
2022-05-16,8.30E-05
2022-05-16,9.04E-05
2022-05-17,8.45E-05
2022-05-18,8.99E-05
2022-05-19,7.55E-05
2022-05-20,7.86E-05
2022-05-21,7.40E-05
2022-05-21,7.75E-05
2022-05-22,7.13E-05
2022-05-23,6.91E-05
2022-05-24,9.06E-05
2022-05-25,7.97E-05
2022-05-26,7.94E-05
2022-05-26,7.80E-05
2022-05-27,8.37E-05
2022-05-28,9.45E-05
2022-05-29,9.04E-05
2022-05-30,7.61E-05
2022-05-31,7.45E-05
2022-05-31,7.95E-05
2022-06-01,7.04E-05
2022-06-01,7.51E-05
2022-06-02,9.18E-05
2022-06-03,7.93E-05
2022-06-04,9.02E-05
2022-06-05,7.61E-05
2022-06-06,8.13E-05
2022-06-06,8.33E-05
2022-06-07,7.46E-05
2022-06-08,7.30E-05
2022-06-09,7.07E-05
2022-06-10,1.16E-04
2022-06-11,8.12E-05
2022-06-11,8.88E-05
2022-06-12,6.89E-05
2022-06-13,9.71E-05
2022-06-14,7.13E-05
2022-06-15,1.23E-04
2022-06-16,1.13E-04
2022-06-16,1.07E-04
2022-06-17,9.87E-05
2022-06-17,1.11E-04
2022-06-18,1.69E-04
2022-06-19,1.04E-04
2022-06-20,1.20E-04
2022-06-21,1.11E-04
2022-06-22,9.35E-05
2022-06-22,1.19E-04
2022-06-23,7.86E-05
2022-06-24,1.02E-04
2022-06-25,9.18E-05
2022-06-26,8.68E-05
2022-06-27,9.01E-05
2022-06-27,8.98E-05
2022-06-28,1.49E-04
2022-06-29,1.48E-04
2022-07-01,1.24E-04
2022-07-02,1.37E-04
2022-07-02,1.10E-04
2022-07-03,8.13E-05
2022-07-03,1.06E-04
2022-07-04,1.09E-04
2022-07-05,1.91E-04
2022-07-06,2.42E-04
2022-07-07,1.32E-04
2022-07-08,1.24E-04
2022-07-08,1.16E-04
2022-07-09,1.18E-04
2022-07-10,1.25E-04
2022-07-11,1.49E-04
2022-07-12,1.25E-04
2022-07-13,1.12E-04
2022-07-13,1.09E-04
2022-07-14,1.13E-04
2022-07-15,1.13E-04
2022-07-16,1.78E-04
2022-07-17,9.22E-05
2022-07-18,8.54E-05
2022-07-18,8.28E-05
2022-07-19,8.09E-05
2022-07-19,8.21E-05
2022-07-20,1.18E-04
2022-07-21,1.49E-04
2022-07-22,9.69E-05
2022-07-23,8.39E-05
2022-07-24,9.83E-05
2022-07-24,1.09E-04
2022-07-25,1.27E-04
2022-07-26,9.84E-05
2022-07-27,9.90E-05
2022-07-28,1.65E-04
2022-07-29,9.92E-05
2022-07-29,1.03E-04
2022-07-30,1.02E-04
2022-07-31,1.05E-04
2022-08-02,1.55E-04
2022-08-03,1.37E-04
2022-08-03,1.05E-04
2022-08-04,7.98E-05
2022-08-04,9.49E-05
2022-08-05,1.02E-04
2022-08-06,1.28E-04
2022-08-07,1.33E-04
2022-08-08,9.22E-05
2022-08-09,8.04E-05
2022-08-09,8.94E-05
2022-08-10,8.28E-05
2022-08-11,1.13E-04
2022-08-12,1.38E-04
2022-08-13,1.14E-04
2022-08-14,8.59E-05
2022-08-14,9.09E-05
2022-08-15,9.31E-05
2022-08-16,1.38E-04
2022-08-17,1.46E-04
2022-08-18,1.28E-04
2022-08-19,8.94E-05
2022-08-19,8.71E-05
2022-08-20,9.77E-05
2022-08-20,1.14E-04
2022-08-21,9.41E-05
2022-08-22,9.03E-05
2022-08-23,1.05E-04
2022-08-24,9.57E-05
2022-08-25,8.09E-05
2022-08-25,6.66E-05
2022-08-26,9.78E-05
2022-08-27,1.02E-04
2022-08-28,1.27E-04
2022-08-29,1.07E-04
2022-08-30,7.97E-05
2022-08-30,9.50E-05
2022-08-31,8.36E-05
2022-09-01,8.93E-05
2022-09-02,1.39E-04
2022-09-03,1.35E-04
2022-09-04,1.20E-04
2022-09-04,1.02E-04
2022-09-05,1.29E-04
2022-09-05,1.11E-04
2022-09-06,8.39E-05
2022-09-07,7.45E-05
2022-09-08,8.70E-05
2022-09-09,8.88E-05
2022-09-10,1.31E-04
2022-09-10,1.15E-04
2022-09-11,1.32E-04
2022-09-12,1.39E-04
2022-09-13,7.53E-05
2022-09-14,9.49E-05
2022-09-15,1.01E-04
2022-09-15,9.97E-05
2022-09-16,1.52E-04
2022-09-17,1.59E-04
2022-09-18,1.72E-04
2022-09-19,9.70E-05
2022-09-20,7.88E-05
2022-09-20,7.27E-05
2022-09-21,7.60E-05
2022-09-21,6.63E-05
2022-09-22,8.55E-05
2022-09-23,1.05E-04
2022-09-24,7.14E-05
2022-09-25,8.84E-05
2022-09-26,1.58E-04
2022-09-26,1.34E-04
2022-09-27,9.77E-05
2022-09-28,1.10E-04
2022-09-29,9.91E-05
2022-09-30,1.25E-04
2022-10-01,9.62E-05
2022-10-01,9.97E-05
2022-10-02,1.19E-04
2022-10-03,8.38E-05
2022-10-04,6.97E-05
2022-10-05,9.35E-05
2022-10-06,9.59E-05
2022-10-06,8.72E-05
2022-10-07,6.45E-05
2022-10-07,6.53E-05
2022-10-08,7.47E-05
2022-10-09,7.44E-05
2022-10-10,7.96E-05
2022-10-11,8.59E-05
2022-10-12,4.16E-05
2022-10-12,6.74E-05
2022-10-13,9.04E-05
2022-10-14,1.24E-04
2022-10-15,9.84E-05
2022-10-16,1.09E-04
2022-10-17,6.27E-05
2022-10-17,9.19E-05
2022-10-18,7.04E-05
2022-10-19,7.60E-05
2022-10-20,6.53E-05
2022-10-21,7.16E-05
2022-10-22,6.95E-05
2022-10-22,7.05E-05
2022-10-23,7.00E-05
2022-10-23,7.71E-05
2022-10-24,7.39E-05
2022-10-26,6.31E-05
2022-10-27,7.23E-05
2022-10-28,6.73E-05
2022-10-28,6.36E-05
2022-10-29,6.14E-05
2022-10-30,7.37E-05
2022-10-31,6.60E-05
2022-11-01,1.06E-04
2022-11-02,7.58E-05
2022-11-02,7.54E-05
2022-11-03,1.45E-04
2022-11-04,2.06E-04
2022-11-05,9.63E-05
2022-11-06,1.30E-04
2022-11-07,7.32E-05
2022-11-07,7.59E-05
2022-11-08,7.49E-05
2022-11-08,6.98E-05
2022-11-09,8.12E-05
2022-11-10,7.53E-05
2022-11-11,8.54E-05
2022-11-12,7.41E-05
2022-11-13,8.42E-05
2022-11-13,8.15E-05
2022-11-14,7.19E-05
2022-11-15,1.62E-04
2022-11-16,9.41E-05
2022-11-17,6.50E-05
2022-11-18,7.07E-05
2022-11-18,7.19E-05
2022-11-19,7.69E-05
2022-11-20,7.84E-05
2022-11-21,9.06E-05
2022-11-22,7.49E-05
2022-11-23,6.69E-05
2022-11-24,6.75E-05
2022-11-24,6.65E-05
2022-11-25,6.34E-05
2022-11-26,6.57E-05
2022-11-27,7.54E-05
2022-11-28,6.12E-05
2022-11-29,1.75E-04
2022-11-29,8.21E-05
2022-11-30,1.17E-04
2022-12-01,9.61E-05
2022-12-02,1.08E-04
2022-12-03,1.10E-04
2022-12-04,1.17E-04
2022-12-04,8.31E-05
2022-12-05,6.74E-05
2022-12-06,1.07E-04
2022-12-07,7.99E-05
2022-12-08,9.29E-05
2022-12-09,7.41E-05
2022-12-10,6.96E-05
2022-12-10,7.83E-05
2022-12-11,6.65E-05
2022-12-12,1.06E-04
2022-12-13,1.08E-04
2022-12-14,8.26E-05
2022-12-15,5.89E-05
2022-12-15,1.10E-04
2022-12-16,6.02E-05
2022-12-17,6.55E-05
2022-12-18,6.20E-05
2022-12-19,8.65E-05
2022-12-20,1.10E-04
2022-12-20,8.02E-05
2022-12-21,5.91E-05
2022-12-22,5.97E-05
2022-12-23,6.23E-05
2022-12-24,7.17E-05
2022-12-25,7.97E-05
2022-12-26,6.06E-05
2022-12-26,6.55E-05
2022-12-27,6.99E-05
2022-12-28,5.96E-05
2022-12-29,1.01E-04
2022-12-30,6.49E-05
2023-01-01,5.85E-05
2023-01-02,5.71E-05
2023-01-03,6.53E-05
2023-01-04,1.23E-04
2023-01-05,1.04E-04
2023-01-05,1.05E-04
2023-01-06,8.43E-05
2023-01-07,6.49E-05
2023-01-08,7.93E-05
2023-01-09,8.10E-05
2023-01-10,1.02E-04
2023-01-11,8.14E-05
2023-01-12,1.35E-04
2023-01-13,7.97E-05
2023-01-14,1.64E-04
2023-01-16,9.64E-05
2023-01-16,9.63E-05
2023-01-17,6.19E-05
2023-01-18,8.59E-05
2023-01-19,7.09E-05
2023-01-20,7.85E-05
2023-01-21,7.89E-05
2023-01-21,7.44E-05
2023-01-22,7.66E-05
2023-01-23,9.56E-05
2023-01-24,8.55E-05
2023-01-25,1.22E-04
2023-01-26,7.17E-05
2023-01-27,8.60E-05
2023-01-27,7.02E-05
2023-01-28,9.33E-05
2023-01-29,6.66E-05
2023-01-30,8.02E-05
2023-01-31,6.01E-05
2023-02-01,8.92E-05
2023-02-01,7.14E-05
2023-02-02,6.26E-05
2023-02-03,9.24E-05
2023-02-04,5.96E-05
2023-02-05,8.41E-05
2023-02-06,6.34E-05
2023-02-06,6.42E-05
2023-02-07,5.18E-05
2023-02-08,6.61E-05
2023-02-09,8.48E-05
2023-02-10,7.15E-05
2023-02-11,5.13E-05
2023-02-12,7.01E-05
2023-02-12,7.37E-05
2023-02-13,8.43E-05
2023-02-14,8.26E-05
2023-02-15,8.09E-05
2023-02-16,7.52E-05
2023-02-17,7.33E-05
2023-02-17,9.15E-05
2023-02-18,6.93E-05
2023-02-19,6.48E-05
2023-02-20,8.69E-05
2023-02-21,7.34E-05
2023-02-22,1.49E-04
2023-02-22,1.25E-04
2023-02-23,7.65E-05
2023-02-24,9.80E-05
2023-02-25,8.83E-05
2023-02-26,9.06E-05
2023-02-27,7.55E-05
2023-02-27,6.43E-05
2023-02-28,8.42E-05
2023-02-28,8.24E-05
2023-03-01,6.88E-05
2023-03-02,6.56E-05
2023-03-03,6.59E-05
2023-03-04,1.07E-04
2023-03-05,5.38E-05
2023-03-05,6.40E-05
2023-03-06,6.72E-05
2023-03-07,7.99E-05
2023-03-08,6.61E-05
2023-03-09,7.54E-05
2023-03-10,1.09E-04
2023-03-10,7.69E-05
2023-03-11,7.26E-05
2023-03-12,5.15E-05
2023-03-13,6.83E-05
2023-03-14,5.93E-05
2023-03-15,9.55E-05
2023-03-15,7.60E-05
2023-03-16,6.85E-05
2023-03-16,5.45E-05
2023-03-17,7.49E-05
2023-03-18,6.24E-05
2023-03-19,7.87E-05
2023-03-20,7.04E-05
2023-03-21,8.03E-05
2023-03-21,7.64E-05
2023-03-22,4.60E-05
2023-03-23,7.38E-05
2023-03-24,7.46E-05
2023-03-25,7.65E-05
2023-03-26,9.23E-05
2023-03-26,8.21E-05
2023-03-27,8.80E-05
2023-03-28,7.08E-05
2023-03-29,6.40E-05
2023-03-30,8.05E-05
2023-03-31,7.23E-05
2023-03-31,7.37E-05
2023-04-01,5.90E-05
2023-04-01,6.35E-05
2023-04-02,6.58E-05
2023-04-03,7.90E-05
2023-04-04,1.20E-04
2023-04-05,8.12E-05
2023-04-06,6.52E-05
2023-04-06,8.26E-05
2023-04-07,9.53E-05
2023-04-08,7.11E-05
2023-04-09,6.36E-05
2023-04-10,7.50E-05
2023-04-11,8.36E-05
2023-04-11,7.12E-05
2023-04-12,7.91E-05
2023-04-13,8.06E-05
2023-04-14,1.20E-04
2023-04-15,9.22E-05
2023-04-16,7.31E-05
2023-04-16,7.55E-05
2023-04-17,7.60E-05
2023-04-17,8.92E-05
2023-04-18,1.05E-04
2023-04-19,3.12E-05
2023-04-20,8.68E-05
2023-04-21,8.08E-05
2023-04-22,6.70E-05
2023-04-22,7.06E-05
2023-04-23,1.00E-04
2023-04-24,1.16E-04
2023-04-25,8.84E-05
2023-04-26,9.58E-05
2023-04-27,5.02E-05
2023-04-27,7.80E-05
2023-04-28,7.40E-05
2023-04-29,1.20E-04
2023-04-30,7.47E-05
2023-05-01,1.17E-04
2023-05-02,8.88E-05
2023-05-03,9.54E-05
2023-05-03,9.21E-05
2023-05-04,1.03E-04
2023-05-05,8.53E-05
2023-05-06,8.22E-05
2023-05-07,9.91E-05
2023-05-08,1.03E-04
2023-05-08,1.05E-04
2023-05-09,1.07E-04
2023-05-10,1.20E-04
2023-05-11,7.30E-05
2023-05-12,1.12E-04
2023-05-13,1.05E-04
2023-05-13,9.84E-05
2023-05-14,1.30E-04
2023-05-15,8.59E-05
2023-05-16,1.02E-04
2023-05-17,1.12E-04
2023-05-18,9.01E-05
2023-05-19,7.62E-05
2023-05-19,8.27E-05
2023-05-20,9.06E-05
2023-05-21,9.10E-05
2023-05-22,9.82E-05
2023-05-23,7.05E-05
2023-05-24,7.67E-05
2023-05-24,6.20E-05
2023-05-25,8.80E-05
2023-05-26,9.98E-05
2023-05-27,7.31E-05
2023-05-30,8.43E-05
2023-05-31,8.52E-05
2023-06-01,9.44E-05
2023-06-02,7.76E-05
2023-06-04,9.16E-05
2023-06-04,8.86E-05
2023-06-05,1.11E-04
2023-06-06,1.91E-04
2023-06-07,1.72E-04
2023-06-08,5.43E-05
2023-06-09,8.06E-05
2023-06-09,8.42E-05
2023-06-10,9.98E-05
2023-06-11,8.11E-05
2023-06-12,8.29E-05
2023-06-13,8.46E-05
2023-06-14,9.07E-05
2023-06-14,9.55E-05
2023-06-15,1.01E-04
2023-06-16,9.82E-05
2023-06-17,1.00E-04
2023-06-19,7.61E-05
2023-06-20,1.02E-04
2023-06-20,1.04E-04
2023-06-21,1.13E-04
2023-06-22,1.44E-04
2023-06-23,1.47E-04
2023-06-24,1.15E-04
2023-06-25,1.10E-04
2023-06-25,1.01E-04
2023-06-26,1.10E-04
2023-06-27,1.15E-04
2023-06-28,1.36E-04
2023-06-29,1.13E-04
2023-07-01,1.02E-04
2023-07-03,1.73E-04
2023-07-04,1.53E-04
2023-07-05,1.02E-04
2023-07-06,9.11E-05
2023-07-06,1.04E-04
2023-07-07,1.19E-04
2023-07-08,1.10E-04
2023-07-09,1.54E-04
2023-07-10,8.96E-05
2023-07-11,8.78E-05
2023-07-11,1.07E-04
2023-07-12,8.88E-05
2023-07-13,1.40E-04
2023-07-14,2.00E-04
2023-07-15,1.06E-04
2023-07-16,9.28E-05
2023-07-16,1.10E-04
2023-07-17,1.17E-04
2023-07-18,1.31E-04
2023-07-19,1.18E-04
2023-07-20,1.59E-04
2023-07-21,1.33E-04
2023-07-22,9.98E-05
2023-07-22,1.12E-04
2023-07-23,1.59E-04
2023-07-24,1.57E-04
2023-07-25,1.28E-04
2023-07-26,1.21E-04
2023-07-27,1.10E-04
2023-07-28,1.29E-04
2023-07-29,1.15E-04
2023-07-31,1.35E-04
2023-08-01,1.06E-04
2023-08-01,9.40E-05
2023-08-02,1.30E-04
2023-08-03,1.27E-04
2023-08-04,1.27E-04
2023-08-05,1.07E-04
2023-08-06,9.35E-05
2023-08-07,8.39E-05
2023-08-07,9.85E-05
2023-08-08,8.06E-05
2023-08-09,1.17E-04
2023-08-10,9.90E-05
2023-08-11,7.64E-05
2023-08-12,1.01E-04
2023-08-12,8.66E-05
2023-08-13,1.41E-04
2023-08-14,1.02E-04
2023-08-15,1.51E-04
2023-08-16,1.32E-04
2023-08-17,1.01E-04
2023-08-17,1.07E-04
2023-08-18,1.16E-04
2023-08-20,1.31E-04
2023-08-21,1.34E-04
2023-08-22,1.44E-04
2023-08-22,1.17E-04
2023-08-23,9.73E-05
2023-08-23,1.31E-04
2023-08-24,1.10E-04
2023-08-25,1.37E-04
2023-08-26,1.53E-04
2023-08-27,8.72E-05
2023-08-28,7.91E-05
2023-08-28,7.74E-05
2023-08-29,1.21E-04
2023-08-30,1.13E-04
2023-08-31,1.23E-04
2023-09-01,7.29E-05
2023-09-02,8.06E-05
2023-09-02,9.32E-05
2023-09-03,7.51E-05
2023-09-04,9.31E-05
2023-09-05,9.93E-05
2023-09-06,1.18E-04
2023-09-07,1.24E-04
2023-09-07,9.33E-05
2023-09-08,1.01E-04
2023-09-08,1.30E-04
2023-09-09,8.06E-05
2023-09-10,9.97E-05
2023-09-11,9.70E-05
2023-09-12,7.11E-05
2023-09-13,8.02E-05
2023-09-13,7.98E-05
2023-09-14,9.07E-05
2023-09-15,1.09E-04
2023-09-16,9.04E-05
2023-09-17,9.04E-05
2023-09-18,7.61E-05
2023-09-18,1.08E-04
2023-09-19,8.70E-05
2023-09-20,1.27E-04
2023-09-21,2.41E-04
2023-09-22,1.91E-04
2023-09-23,1.18E-04
2023-09-24,7.41E-05
2023-09-24,7.72E-05
2023-09-25,1.40E-04
2023-09-26,1.13E-04
2023-09-27,1.56E-04
2023-09-28,1.11E-04
2023-09-29,6.99E-05
2023-09-29,8.40E-05
2023-09-30,7.09E-05
2023-10-01,1.09E-04
2023-10-02,1.20E-04
2023-10-03,7.32E-05
2023-10-04,7.95E-05
2023-10-04,7.43E-05
2023-10-05,7.89E-05
2023-10-06,7.07E-05
2023-10-07,1.65E-04
2023-10-08,8.79E-05
2023-10-09,9.39E-05
2023-10-10,7.28E-05
2023-10-10,8.88E-05
2023-10-11,8.28E-05
2023-10-12,9.68E-05
2023-10-13,1.88E-04
2023-10-14,1.41E-04
2023-10-15,6.75E-05
2023-10-15,6.34E-05
2023-10-16,7.11E-05
2023-10-17,1.34E-04
2023-10-18,1.05E-04
2023-10-19,7.55E-05
2023-10-20,9.73E-05
2023-10-20,7.08E-05
2023-10-21,6.86E-05
2023-10-22,7.92E-05
2023-10-23,7.42E-05
2023-10-24,8.62E-05
2023-10-25,9.78E-05
2023-10-26,1.09E-04
2023-10-26,8.45E-05
2023-10-27,8.59E-05
2023-10-28,9.63E-05
2023-10-29,1.52E-04
2023-10-30,1.02E-04
2023-10-31,6.57E-05
2023-10-31,5.75E-05
2023-11-01,7.54E-05
2023-11-02,1.03E-04
2023-11-03,7.25E-05
2023-11-04,9.27E-05
2023-11-05,8.01E-05
2023-11-05,8.56E-05
2023-11-06,1.24E-04
2023-11-07,9.79E-05
2023-11-08,1.41E-04
2023-11-09,9.98E-05
2023-11-10,1.37E-04
2023-11-11,5.81E-05
2023-11-11,6.40E-05
2023-11-12,9.26E-05
2023-11-13,9.82E-05
2023-11-14,1.06E-04
2023-11-15,8.73E-05
2023-11-16,7.25E-05
2023-11-16,8.47E-05
2023-11-17,7.39E-05
2023-11-18,9.37E-05
2023-11-19,6.06E-05
2023-11-20,6.35E-05
2023-11-21,6.55E-05
2023-11-21,6.28E-05
2023-11-22,6.06E-05
2023-11-23,8.12E-05
2023-11-24,1.20E-04
2023-11-26,5.62E-05
2023-11-27,5.55E-05
2023-11-27,5.95E-05
2023-11-28,7.05E-05
2023-11-29,9.00E-05
2023-11-30,6.31E-05
2023-12-01,7.63E-05
2023-12-02,8.27E-05
2023-12-02,9.37E-05
2023-12-03,6.82E-05
2023-12-04,7.07E-05
2023-12-05,8.89E-05
2023-12-06,9.33E-05
2023-12-07,5.08E-05
2023-12-07,6.12E-05
2023-12-08,5.41E-05
2023-12-09,5.29E-05
2023-12-10,3.04E-05
2023-12-11,1.63E-04
2023-12-12,8.30E-05
2023-12-12,6.90E-05
2023-12-13,6.07E-05
2023-12-13,5.06E-05
2023-12-14,6.72E-05
2023-12-15,9.67E-05
2023-12-16,8.72E-05
2023-12-17,8.33E-05
2023-12-18,7.05E-05
2023-12-18,7.43E-05
2023-12-19,8.38E-05
2023-12-20,6.83E-05
2023-12-21,8.60E-05
2023-12-22,7.54E-05
2023-12-23,5.47E-05
2023-12-23,6.29E-05
2023-12-24,6.05E-05
2023-12-25,6.91E-05
2023-12-26,6.94E-05
2023-12-27,6.50E-05
2023-12-28,7.37E-05
2023-12-28,6.69E-05
2023-12-29,7.44E-05
2023-12-30,1.44E-04
2023-12-31,8.80E-05
2024-01-01,6.61E-05
2024-01-02,7.32E-05
2024-01-03,5.11E-05
2024-01-03,4.67E-05
2024-01-04,6.33E-05
2024-01-05,5.01E-05
2024-01-06,9.76E-05
2024-01-07,1.16E-04
2024-01-08,1.57E-04
2024-01-08,1.08E-04
2024-01-09,5.95E-05
2024-01-10,6.07E-05
2024-01-11,7.48E-05
2024-01-12,5.60E-05
2024-01-13,6.49E-05
2024-01-13,6.39E-05
2024-01-14,9.06E-05
2024-01-14,8.90E-05
2024-01-15,6.60E-05
2024-01-16,5.45E-05
2024-01-17,3.88E-05
2024-01-18,9.08E-05
2024-01-19,2.81E-05
2024-01-19,5.41E-05
2024-01-20,5.34E-05
2024-01-21,6.87E-05
2024-01-22,6.02E-05
2024-01-23,6.11E-05
2024-01-24,5.28E-05
2024-01-24,4.62E-05
2024-01-25,6.14E-05
2024-01-26,4.35E-05
2024-01-27,5.69E-05
2024-01-28,5.91E-05
2024-01-29,6.09E-05
2024-01-29,5.55E-05
2024-01-30,8.20E-05
2024-01-30,7.45E-05
2024-02-01,7.69E-05
2024-02-02,9.31E-05
2024-02-03,9.70E-05
2024-02-04,7.43E-05
2024-02-04,6.30E-05
2024-02-05,6.03E-05
2024-02-06,5.95E-05
2024-02-07,6.35E-05
2024-02-08,6.22E-05
2024-02-09,8.12E-05
2024-02-09,6.11E-05
2024-02-10,6.08E-05
2024-02-11,7.56E-05
2024-02-12,5.04E-05
2024-02-14,6.13E-05
2024-02-14,7.63E-05
2024-02-15,8.27E-05
2024-02-15,7.00E-05
2024-02-16,8.41E-05
2024-02-17,6.63E-05
2024-02-18,7.23E-05
2024-02-19,6.81E-05
2024-02-20,6.68E-05
2024-02-20,6.97E-05
2024-02-21,7.70E-05
2024-02-22,6.24E-05
2024-02-23,1.12E-04
2024-02-24,8.17E-05
2024-02-25,7.62E-05
2024-02-25,6.86E-05
2024-02-26,5.93E-05
2024-02-27,7.37E-05
2024-02-28,6.26E-05
2024-02-29,7.48E-05
2024-03-01,7.34E-05
2024-03-01,7.56E-05
2024-03-02,6.52E-05
2024-03-02,6.73E-05
2024-03-03,7.94E-05
2024-03-04,6.90E-05
2024-03-05,6.88E-05
2024-03-06,6.29E-05
2024-03-07,7.20E-05
2024-03-07,6.68E-05
2024-03-08,6.26E-05
2024-03-09,7.29E-05
2024-03-10,7.50E-05
2024-03-11,1.05E-04
2024-03-12,7.18E-05
2024-03-12,6.71E-05
2024-03-13,6.94E-05
2024-03-14,6.55E-05
2024-03-15,6.17E-05
2024-03-16,7.16E-05
2024-03-17,5.53E-05
2024-03-17,4.26E-05
2024-03-18,4.75E-05
2024-03-18,6.33E-05
2024-03-19,6.48E-05
2024-03-20,6.82E-05
2024-03-21,7.34E-05
2024-03-22,7.99E-05
2024-03-23,7.26E-05
2024-03-24,7.02E-05
2024-03-25,7.25E-05
2024-03-26,6.21E-05
2024-03-27,5.69E-05
2024-03-28,6.11E-05
2024-03-28,6.58E-05
2024-03-29,7.59E-05
2024-03-30,9.73E-05
2024-03-31,8.86E-05
2024-04-01,1.09E-04
2024-04-02,1.00E-04
2024-04-02,1.01E-04
2024-04-03,9.08E-05
2024-04-03,8.54E-05
2024-04-04,9.53E-05
2024-04-05,8.27E-05
2024-04-06,1.03E-04
2024-04-07,7.37E-05
2024-04-08,6.02E-05
2024-04-08,7.36E-05
2024-04-09,7.63E-05
2024-04-10,1.04E-04
2024-04-11,1.34E-04
2024-04-12,1.05E-04
2024-04-13,1.01E-04
2024-04-13,1.06E-04
2024-04-14,8.98E-05
2024-04-15,8.18E-05
2024-04-16,1.60E-04
2024-04-17,8.25E-05
2024-04-18,8.72E-05
2024-04-18,7.68E-05
2024-04-19,7.87E-05
2024-04-19,7.76E-05
2024-04-20,6.70E-05
2024-04-21,8.42E-05
2024-04-22,9.74E-05
2024-04-23,7.31E-05
2024-04-24,7.84E-05
2024-04-24,7.53E-05
2024-04-25,6.94E-05
2024-04-26,7.84E-05
2024-04-27,7.13E-05
2024-04-28,4.83E-05
2024-04-29,7.26E-05
2024-04-29,8.64E-05
2024-04-30,5.33E-05
2024-05-01,7.54E-05
2024-05-02,8.62E-05
2024-05-03,8.63E-05
2024-05-04,7.25E-05
2024-05-04,8.31E-05
2024-05-05,8.38E-05
2024-05-05,6.68E-05
2024-05-06,7.90E-05
2024-05-07,7.90E-05
2024-05-08,1.06E-04
2024-05-09,7.62E-05
2024-05-10,3.31E-06
2024-05-10,5.56E-05
2024-05-11,6.39E-05
2024-05-12,7.48E-05
2024-05-13,8.58E-05
2024-05-14,7.68E-05
2024-05-15,8.25E-05
2024-05-15,8.34E-05
2024-05-16,8.97E-05
2024-05-17,8.60E-05
2024-05-18,9.89E-05
2024-05-19,1.25E-04
2024-05-20,8.45E-05
2024-05-20,8.33E-05
2024-05-21,9.58E-05
2024-05-21,8.80E-05
2024-05-22,7.63E-05
2024-05-23,3.87E-05
2024-05-24,9.04E-05
2024-05-25,7.92E-05
2024-05-26,7.52E-05
2024-05-26,7.82E-05
2024-05-27,8.00E-05
2024-05-28,7.40E-05
2024-05-29,8.53E-05
2024-05-30,8.03E-05
2024-05-31,8.96E-05
2024-05-31,8.71E-05
2024-06-01,9.34E-05
2024-06-02,8.34E-05
2024-06-03,9.53E-05
2024-06-04,8.85E-05
2024-06-05,9.41E-05
2024-06-05,9.33E-05
2024-06-06,8.02E-05
2024-06-06,8.97E-05
2024-06-07,8.33E-05
2024-06-08,9.37E-05
2024-06-09,9.17E-05
2024-06-10,1.08E-04
2024-06-11,9.32E-05
2024-06-11,9.38E-05
2024-06-12,1.22E-04
2024-06-13,9.16E-05
2024-06-14,8.76E-05
2024-06-15,1.15E-04
2024-06-16,7.65E-05
2024-06-16,8.75E-05
2024-06-17,8.08E-05
2024-06-18,1.00E-04
2024-06-19,9.91E-05
2024-06-20,1.09E-04
2024-06-21,1.10E-04
2024-06-21,8.39E-05
2024-06-22,9.82E-05
2024-06-22,8.74E-05
2024-06-23,1.04E-04
2024-06-24,1.22E-04
2024-06-25,1.08E-04
2024-06-26,1.12E-04
2024-06-27,1.08E-04
2024-06-27,9.87E-05
2024-06-28,1.01E-04
2024-06-29,1.09E-04
2024-06-30,1.27E-04
2024-07-01,9.90E-05
2024-07-02,1.03E-04
2024-07-02,1.05E-04
2024-07-03,8.92E-05
2024-07-04,9.29E-05
2024-07-05,1.03E-04
2024-07-06,1.18E-04
2024-07-07,1.27E-04
2024-07-07,1.18E-04
2024-07-08,7.79E-05
2024-07-08,8.45E-05
2024-07-09,9.89E-05
2024-07-10,1.01E-04
2024-07-11,1.08E-04
2024-07-12,1.11E-04
2024-07-13,9.01E-05
2024-07-13,9.23E-05
2024-07-14,9.95E-05
2024-07-15,1.47E-04
2024-07-16,1.41E-04
2024-07-17,1.34E-04
2024-07-18,1.21E-04
2024-07-18,1.20E-04
2024-07-19,1.07E-04
2024-07-20,8.65E-05
2024-07-21,1.48E-04
2024-07-22,1.37E-04
2024-07-23,1.12E-04
2024-07-24,9.42E-05
2024-07-24,1.04E-04
2024-07-25,9.98E-05
2024-07-26,1.04E-04
2024-07-27,9.61E-05
2024-07-28,1.03E-04
2024-07-29,1.06E-04
2024-07-29,1.16E-04
2024-07-31,1.02E-04
2024-08-01,1.08E-04
2024-08-02,1.08E-04
2024-08-03,1.04E-04
2024-08-03,1.13E-04
2024-08-04,1.04E-04
2024-08-05,1.03E-04
2024-08-06,1.65E-04
2024-08-07,1.49E-04
2024-08-08,1.03E-04
2024-08-09,9.67E-05
2024-08-09,8.68E-05
2024-08-10,9.45E-05
2024-08-11,1.19E-04
2024-08-12,9.17E-05
2024-08-13,8.98E-05
2024-08-14,9.80E-05
2024-08-14,1.04E-04
2024-08-15,1.01E-04
2024-08-16,1.25E-04
2024-08-17,1.32E-04
2024-08-18,1.26E-04
2024-08-19,9.35E-05
2024-08-19,8.52E-05
2024-08-20,1.05E-04
2024-08-21,1.27E-04
2024-08-22,8.48E-05
2024-08-23,8.82E-05
2024-08-24,9.42E-05
2024-08-24,7.53E-05
2024-08-25,9.66E-05
2024-08-25,8.26E-05
2024-08-26,8.02E-05
2024-08-27,9.64E-05
2024-08-28,7.66E-05
2024-08-29,9.23E-05
2024-08-30,9.18E-05
2024-08-30,9.00E-05
2024-08-31,8.47E-05
2024-09-01,1.02E-04
2024-09-02,9.59E-05
2024-09-03,9.01E-05
2024-09-04,1.19E-04
2024-09-04,9.05E-05
2024-09-05,9.42E-05
2024-09-06,1.41E-04
2024-09-07,1.66E-04
2024-09-08,9.02E-05
2024-09-09,8.38E-05
2024-09-09,8.36E-05
2024-09-10,8.09E-05
2024-09-10,7.37E-05
2024-09-11,7.93E-05
2024-09-12,1.06E-04
2024-09-13,7.51E-05
2024-09-14,1.18E-04
2024-09-15,6.69E-05
2024-09-15,6.67E-05
2024-09-16,8.60E-05
2024-09-17,7.91E-05
2024-09-18,9.06E-05
2024-09-19,7.66E-05
2024-09-20,8.87E-05
2024-09-20,7.89E-05
2024-09-21,6.69E-05
2024-09-22,7.96E-05
2024-09-23,9.06E-05
2024-09-25,1.76E-04
2024-09-25,8.53E-05
2024-09-26,8.87E-05
2024-09-26,9.13E-05
2024-09-27,1.08E-04
2024-09-28,1.38E-04
2024-09-29,9.93E-05
2024-09-30,7.12E-05
2024-10-01,6.78E-05
2024-10-01,8.49E-05
2024-10-02,1.16E-04
2024-10-03,1.23E-04
2024-10-04,1.03E-04
2024-10-05,1.77E-04
2024-10-06,1.12E-04
2024-10-06,8.61E-05
2024-10-07,1.24E-04
2024-10-08,1.07E-04
2024-10-09,9.91E-05
2024-10-10,8.52E-05
2024-10-11,7.68E-05
2024-10-12,8.23E-05
2024-10-12,8.85E-05
2024-10-13,6.77E-05
2024-10-14,7.36E-05
2024-10-15,6.67E-05
2024-10-16,5.85E-05
2024-10-17,8.73E-05
2024-10-17,8.44E-05
2024-10-18,6.56E-05
2024-10-19,7.51E-05
2024-10-20,6.98E-05
2024-10-21,7.43E-05
2024-10-22,6.04E-05
2024-10-22,6.41E-05
2024-10-23,6.52E-05
2024-10-24,7.48E-05
2024-10-25,8.17E-05
2024-10-26,8.86E-05
2024-10-27,7.62E-05
2024-10-27,6.38E-05
2024-10-28,8.88E-05
2024-10-28,7.57E-05
2024-10-29,8.74E-05
2024-10-30,1.18E-04
2024-10-31,7.55E-05
2024-11-01,7.66E-05
2024-11-02,8.82E-05
2024-11-02,6.44E-05
2024-11-03,9.61E-05
2024-11-04,1.13E-04
2024-11-05,7.28E-05
2024-11-06,9.06E-05
2024-11-07,8.31E-05
2024-11-07,7.92E-05
2024-11-08,8.24E-05
2024-11-09,7.76E-05
2024-11-10,7.73E-05
2024-11-12,7.71E-05
2024-11-12,7.26E-05
2024-11-13,7.52E-05
2024-11-13,9.34E-05
2024-11-14,7.09E-05
2024-11-15,1.15E-04
2024-11-16,6.33E-05
2024-11-17,5.69E-05
2024-11-18,7.45E-05
2024-11-18,6.73E-05
2024-11-19,8.63E-05
2024-11-20,6.90E-05
2024-11-21,8.53E-05
2024-11-22,7.28E-05
2024-11-23,1.03E-04
2024-11-23,8.64E-05
2024-11-24,5.51E-05
2024-11-25,6.50E-05
2024-11-26,6.94E-05
2024-11-27,7.68E-05
2024-11-28,7.40E-05
2024-11-29,6.64E-05
2024-11-29,8.52E-05
2024-11-30,9.09E-05
2024-12-01,8.11E-05
2024-12-02,6.22E-05
2024-12-03,6.75E-05
2024-12-04,7.07E-05
2024-12-04,5.38E-05
2024-12-05,7.18E-05
2024-12-06,6.78E-05
2024-12-08,6.30E-05
2024-12-09,9.11E-05
2024-12-09,1.30E-04
2024-12-10,5.37E-05
2024-12-11,6.95E-05
2024-12-12,5.97E-05
2024-12-13,6.78E-05
2024-12-14,7.01E-05
2024-12-15,1.17E-04
2024-12-15,1.47E-04
2024-12-16,2.31E-04
2024-12-17,5.97E-05
2024-12-18,7.60E-05
2024-12-19,8.31E-05
2024-12-20,5.45E-05
2024-12-20,6.79E-05
2024-12-21,5.53E-05
2024-12-22,6.55E-05
2024-12-23,6.33E-05
2024-12-24,8.40E-05
2024-12-25,7.93E-05
2024-12-25,1.13E-04
2024-12-26,6.47E-05
2024-12-27,9.68E-05
2024-12-28,1.06E-04
2024-12-29,6.13E-05
2024-12-30,5.33E-05
2024-12-31,8.67E-05
2024-12-31,8.94E-05
2025-01-01,6.85E-05
2025-01-02,7.94E-05
2025-01-03,1.44E-04
2025-01-04,8.23E-05
2025-01-05,1.25E-05
2025-01-05,3.31E-05
2025-01-06,6.58E-05
2025-01-07,7.78E-05
2025-01-08,1.09E-04
2025-01-09,1.26E-04
2025-01-10,8.85E-05
2025-01-10,7.07E-05
2025-01-11,5.83E-05
2025-01-12,8.31E-05
2025-01-13,5.68E-05
2025-01-14,6.71E-05
2025-01-15,1.10E-04
2025-01-16,5.14E-05
2025-01-16,5.74E-05
2025-01-17,7.25E-05
2025-01-18,6.31E-05
